1625637640559,6861,obstacle,[0 person],[-24.3594 120.3750 0.0055]
1625637640559,6861,obstacle,[1 car],[-27.1719 134.3750 -7.7969]
1625637643151,6911,obstacle,[0 person],[-24.2344 119.5625 -0.0578]
1625637643152,6911,obstacle,[1 car],[-26.9688 134.3750 -7.3711]
1625637643152,6911,obstacle,[4 car],[0.8569 131.8750 1.3652]
1625637643619,6961,obstacle,[0 person],[-24.0938 119.8750 -0.6924]
1625637643619,6961,obstacle,[1 car],[-25.3594 129.3750 -6.5586]
1625637643619,6961,obstacle,[4 car],[0.7061 127.3750 1.3203]
1625637644064,7011,obstacle,[0 person],[-23.7656 118.2500 -1.0918]
1625637644064,7011,obstacle,[1 car],[-25.2344 129.2500 -6.2812]
1625637644064,7011,obstacle,[4 car],[0.7520 128.7500 1.2617]
1625637644520,7061,obstacle,[0 person],[-23.7031 118.1250 -1.6680]
1625637644934,7111,obstacle,[0 person],[-23.7656 118.1250 -1.8359]
1625637644935,7111,obstacle,[9 car],[0.6729 128.7500 1.4199]
1625637645415,7161,obstacle,[0 person],[-24.2812 119.4375 -2.0781]
1625637645415,7161,obstacle,[9 car],[0.7764 132.0000 1.3770]
1625637645876,7211,obstacle,[0 person],[-24.0000 118.1250 -1.9688]
1625637645876,7211,obstacle,[9 car],[0.8286 131.1250 1.3486]
1625637646347,7261,obstacle,[0 person],[-24.2031 118.1875 -1.9336]
1625637646347,7261,obstacle,[9 car],[0.8589 132.0000 1.3145]
1625637646801,7311,obstacle,[0 person],[-24.7344 119.5000 -2.1738]
1625637646801,7311,obstacle,[9 car],[0.8589 132.0000 1.2822]
1625637647296,7361,obstacle,[0 person],[-24.7344 119.5000 -2.2051]
1625637647296,7361,obstacle,[9 car],[0.7681 131.7500 1.3320]
1625637647753,7411,obstacle,[0 person],[-24.4062 118.1250 -2.0938]
1625637647753,7411,obstacle,[9 car],[0.6729 128.8750 1.3086]
1625637648265,7461,obstacle,[0 person],[-25.0156 119.5625 -2.1973]
1625637648265,7461,obstacle,[9 car],[0.8589 132.0000 1.2715]
1625637648782,7511,obstacle,[0 person],[-24.9531 118.8125 -1.9092]
1625637648782,7511,obstacle,[9 car],[0.8589 132.0000 1.1650]
1625637649253,7561,obstacle,[0 person],[-25.0938 118.8125 -1.9336]
1625637649253,7561,obstacle,[9 car],[0.7520 128.8750 1.2275]
1625637649748,7611,obstacle,[0 person],[-24.9688 118.0000 -2.0527]
1625637649749,7611,obstacle,[9 car],[0.7764 132.0000 1.1982]
1625637649749,7611,obstacle,[28 car],[-24.1562 119.0625 -6.3867]
1625637650228,7661,obstacle,[0 person],[-25.0469 117.9375 -2.1367]
1625637650228,7661,obstacle,[9 car],[0.8501 131.7500 1.1807]
1625637650228,7661,obstacle,[28 car],[-23.9375 118.3750 -6.3281]
1625637650723,7711,obstacle,[0 person],[-25.1094 117.9375 -2.2168]
1625637650723,7711,obstacle,[9 car],[0.8589 132.0000 1.1670]
1625637650723,7711,obstacle,[28 car],[-23.9062 118.3125 -6.3320]
1625637651180,7761,obstacle,[0 person],[-25.1875 117.9375 -2.1602]
1625637651180,7761,obstacle,[9 car],[0.8501 131.7500 1.1582]
1625637651650,7811,obstacle,[0 person],[-25.6562 118.6875 -2.3379]
1625637651650,7811,obstacle,[9 car],[0.8501 131.7500 1.1543]
1625637652088,7861,obstacle,[0 person],[-25.5469 118.5625 -2.3320]
1625637652088,7861,obstacle,[9 car],[0.8589 132.0000 1.0742]
1625637652581,7911,obstacle,[0 person],[-25.6562 118.6875 -2.3340]
1625637652582,7911,obstacle,[9 car],[0.9326 131.7500 1.0801]
1625637653451,7961,obstacle,[0 person],[-25.4531 117.9375 -2.2832]
1625637653451,7961,obstacle,[9 car],[0.9214 131.3750 1.0908]
1625637653959,8011,obstacle,[0 person],[-25.4531 117.9375 -2.1348]
1625637653959,8011,obstacle,[9 car],[0.9414 132.0000 1.1025]
1625637654786,8061,obstacle,[0 person],[-25.5312 117.9375 -2.1172]
1625637654786,8061,obstacle,[9 car],[0.7520 128.7500 1.1309]
1625637655289,8111,obstacle,[0 person],[-25.8906 118.5625 -2.1992]
1625637655290,8111,obstacle,[9 car],[0.8394 131.3750 1.1406]
1625637655789,8161,obstacle,[0 person],[-25.7344 117.9375 -2.2109]
1625637655790,8161,obstacle,[9 car],[0.8589 132.0000 1.1611]
1625637656258,8211,obstacle,[0 person],[-26.0312 118.5625 -2.2891]
1625637656258,8211,obstacle,[9 car],[0.8589 132.0000 1.1846]
1625637656730,8261,obstacle,[0 person],[-26.1719 118.5625 -2.2637]
1625637656731,8261,obstacle,[9 car],[0.5210 121.9375 1.2441]
1625637657365,8311,obstacle,[0 person],[-26.4219 118.6875 -2.3145]
1625637657365,8311,obstacle,[9 car],[0.7764 132.0000 1.2344]
1625637657868,8361,obstacle,[0 person],[-30.6406 130.0000 -2.8438]
1625637657868,8361,obstacle,[9 car],[0.8589 132.0000 1.2598]
1625637658350,8411,obstacle,[0 person],[-26.6562 118.5625 -2.2559]
1625637658350,8411,obstacle,[9 car],[0.8501 131.7500 1.2852]
1625637659008,8461,obstacle,[0 person],[-26.7969 118.5625 -2.0977]
1625637659008,8461,obstacle,[9 car],[0.8589 132.0000 1.3086]
1625637659643,8511,obstacle,[0 person],[-26.8750 118.6250 -1.9375]
1625637659643,8511,obstacle,[9 car],[0.8501 131.7500 1.2539]
1625637660134,8561,obstacle,[0 person],[-31.3750 130.1250 -2.3516]
1625637660134,8561,obstacle,[9 car],[0.8589 132.0000 1.3555]
1625637660724,8611,obstacle,[0 person],[-26.7500 116.9375 -1.8066]
1625637660724,8611,obstacle,[9 car],[0.5210 121.9375 1.4131]
1625637661215,8661,obstacle,[0 person],[-26.7500 116.8750 -2.0508]
1625637661215,8661,obstacle,[9 car],[0.8589 132.0000 1.3184]
1625637661772,8711,obstacle,[0 person],[-27.4375 118.5000 -2.1914]
1625637661773,8711,obstacle,[9 car],[0.8589 132.0000 1.4180]
1625637662236,8761,obstacle,[0 person],[-26.8125 116.8125 -2.2754]
1625637662236,8761,obstacle,[9 car],[0.8589 132.0000 1.4365]
1625637662692,8811,obstacle,[0 person],[-27.0156 116.8125 -2.1934]
1625637662692,8811,obstacle,[9 car],[0.8501 131.7500 1.4541]
1625637663181,8861,obstacle,[0 person],[-27.1562 116.8125 -2.1113]
1625637663182,8861,obstacle,[9 car],[0.8589 132.0000 1.3896]
1625637663613,8911,obstacle,[0 person],[-27.1562 116.8750 -2.0293]
1625637663614,8911,obstacle,[9 car],[0.8589 132.0000 1.4043]
1625637664115,8961,obstacle,[0 person],[-27.3906 117.3125 -2.0410]
1625637664115,8961,obstacle,[9 car],[0.8589 132.0000 1.4180]
1625637664588,9011,obstacle,[0 person],[-27.3594 116.8125 -2.0703]
1625637665067,9061,obstacle,[0 person],[-27.3594 116.8125 -2.1914]
1625637665068,9061,obstacle,[78 car],[0.7681 131.7500 1.4434]
1625637665533,9111,obstacle,[0 person],[-27.3594 116.7500 -2.3789]
1625637665534,9111,obstacle,[78 car],[0.7764 132.0000 1.4531]
1625637666031,9161,obstacle,[0 person],[-27.7344 117.1875 -2.4629]
1625637666031,9161,obstacle,[78 car],[0.6729 128.7500 1.4766]
1625637666531,9211,obstacle,[0 person],[-32.1875 128.3750 -3.1719]
1625637666531,9211,obstacle,[78 car],[0.7686 131.7500 1.4707]
1625637667046,9261,obstacle,[0 person],[-27.7969 116.7500 -2.3594]
1625637667046,9261,obstacle,[78 car],[0.7520 132.0000 1.5488]
1625637667560,9311,obstacle,[0 person],[-28.3438 117.6875 -2.4785]
1625637667560,9311,obstacle,[78 car],[0.7017 131.8750 1.6367]
1625637668090,9361,obstacle,[0 person],[-32.9688 128.7500 -3.3477]
1625637668090,9361,obstacle,[87 person],[-7.7109 119.9375 0.8472]
1625637668562,9411,obstacle,[0 person],[-28.9531 117.7500 -2.4980]
1625637668562,9411,obstacle,[87 person],[-5.4062 91.7500 1.2891]
1625637669075,9461,obstacle,[0 person],[-20.6719 96.3125 -1.0371]
1625637669075,9461,obstacle,[87 person],[-3.0215 63.2812 1.6953]
1625637669609,9511,obstacle,[0 person],[-30.4375 118.1875 -2.4414]
1625637670127,9561,obstacle,[0 person],[-30.8906 118.4375 -2.5234]
1625637670683,9611,obstacle,[0 person],[-20.5781 93.8750 -1.0566]
1625637671195,9661,obstacle,[0 person],[-20.8125 93.6250 -1.2090]
1625637671725,9711,obstacle,[0 person],[-23.1250 98.1875 -1.6738]
1625637672249,9761,obstacle,[0 person],[-17.7656 85.4375 -0.7075]
1625637672762,9811,obstacle,[0 person],[-17.7344 84.4375 -0.7939]
1625637673305,9861,obstacle,[0 person],[-18.3438 84.8125 -0.8779]
1625637673843,9911,obstacle,[0 person],[-18.7500 84.8750 -0.9077]
1625637674349,9961,obstacle,[0 person],[-17.5625 81.4375 -0.6846]
1625637674951,10011,obstacle,[0 person],[-18.2969 81.8125 -0.8408]
1625637675524,10061,obstacle,[0 person],[-16.9219 78.4375 -0.5630]
1625637675524,10061,obstacle,[102 car],[-1.0957 80.3750 1.7256]
1625637676058,10111,obstacle,[0 person],[-15.7500 75.5625 -0.4016]
1625637676058,10111,obstacle,[102 car],[-1.0508 80.4375 1.7227]
1625637676621,10161,obstacle,[0 person],[-16.2656 75.5000 -0.5684]
1625637676621,10161,obstacle,[102 car],[-0.2454 107.3750 1.6064]
1625637677191,10211,obstacle,[0 person],[-16.6094 75.0625 -0.7695]
1625637677191,10211,obstacle,[102 car],[-0.1973 107.3125 1.6025]
1625637677755,10261,obstacle,[0 person],[-17.1250 75.0625 -0.9985]
1625637677755,10261,obstacle,[102 car],[0.3198 107.3125 1.5977]
1625637677755,10261,obstacle,[109 person],[-7.7188 122.6875 0.8452]
1625637678288,10311,obstacle,[0 person],[-17.3906 74.8750 -1.0439]
1625637678288,10311,obstacle,[102 car],[0.4128 91.5000 1.6611]
1625637678288,10311,obstacle,[109 person],[-4.2695 91.5625 1.2842]
1625637678837,10361,obstacle,[0 person],[-17.8438 75.0000 -1.1113]
1625637678838,10361,obstacle,[109 person],[-3.2637 91.8125 1.2725]
1625637679374,10411,obstacle,[0 person],[-17.5469 74.9375 -1.1182]
1625637679933,10461,obstacle,[0 person],[-16.9844 74.7500 -1.1025]
1625637682725,10761,obstacle,[112 person],[-9.4766 115.1875 0.8462]
1625637683173,10811,obstacle,[112 person],[-6.0312 91.5000 1.3574]
1625637683173,10811,obstacle,[114 car],[-0.9536 80.5625 1.6318]
1625637683618,10861,obstacle,[112 person],[-10.3906 121.5000 1.0527]
1625637683619,10861,obstacle,[114 car],[-0.7568 131.7500 1.1738]
1625637684080,10911,obstacle,[112 person],[-6.0352 91.5625 1.4912]
1625637684080,10911,obstacle,[114 car],[-0.7983 91.2500 1.7012]
1625637684539,10961,obstacle,[112 person],[-5.9453 91.5625 1.3066]
1625637684539,10961,obstacle,[114 car],[-0.4287 91.3125 1.6074]
1625637685001,11011,obstacle,[112 person],[-10.3281 120.8125 1.0186]
1625637685001,11011,obstacle,[114 car],[0.9551 131.6250 1.3320]
1625637685440,11061,obstacle,[112 person],[-10.3984 121.6250 1.0635]
1625637685440,11061,obstacle,[114 car],[1.3223 131.8750 1.2578]
1625637685882,11111,obstacle,[112 person],[-10.1484 120.8125 0.8481]
1625637685882,11111,obstacle,[120 car],[-0.0113 131.6250 1.3408]
1625637686337,11161,obstacle,[112 person],[-10.2344 119.5000 0.6416]
1625637686337,11161,obstacle,[120 car],[0.9072 131.6250 1.1289]
1625637686753,11211,obstacle,[112 person],[-5.8828 91.3125 1.2812]
1625637686754,11211,obstacle,[120 car],[0.7563 131.5000 1.2090]
1625637687196,11261,obstacle,[112 person],[-5.9297 91.3125 1.3174]
1625637687197,11261,obstacle,[120 car],[0.8843 131.3750 1.2158]
1625637687630,11311,obstacle,[112 person],[-10.1016 118.3750 0.8574]
1625637687630,11311,obstacle,[120 car],[0.3652 131.6250 1.3594]
1625637688099,11361,obstacle,[112 person],[-5.8086 91.2500 1.3604]
1625637688099,11361,obstacle,[120 car],[0.8350 131.3750 1.1631]
1625637688568,11411,obstacle,[112 person],[-13.0000 137.6250 0.4626]
1625637688568,11411,obstacle,[120 car],[0.8950 131.6250 1.3008]
1625637689006,11461,obstacle,[112 person],[-5.8281 91.3125 1.3164]
1625637689007,11461,obstacle,[120 car],[-0.4302 91.1875 1.6152]
1625637689499,11511,obstacle,[112 person],[-5.8086 91.2500 1.3496]
1625637689500,11511,obstacle,[120 car],[-0.4507 91.3125 1.5625]
1625637689991,11561,obstacle,[112 person],[-5.8047 91.1875 1.3018]
1625637689991,11561,obstacle,[120 car],[-0.5146 91.5000 1.5908]
1625637690455,11611,obstacle,[112 person],[-10.7188 122.1875 0.7036]
1625637690455,11611,obstacle,[120 car],[1.1396 130.6250 1.1885]
1625637690917,11661,obstacle,[112 person],[-5.7578 91.1875 1.2607]
1625637690917,11661,obstacle,[120 car],[-0.4214 91.3750 1.5977]
1625637691375,11711,obstacle,[112 person],[-10.8984 122.2500 0.5444]
1625637691375,11711,obstacle,[120 car],[1.1982 132.3750 1.3047]
1625637691816,11761,obstacle,[112 person],[-11.0859 122.9375 0.3040]
1625637691816,11761,obstacle,[120 car],[1.3262 131.1250 1.2520]
1625637692262,11811,obstacle,[112 person],[-5.8438 91.1250 1.1309]
1625637692262,11811,obstacle,[120 car],[-0.4399 91.3750 1.6055]
1625637692704,11861,obstacle,[112 person],[-11.3828 122.3125 0.3931]
1625637692704,11861,obstacle,[120 car],[-0.4819 91.1875 1.5840]
1625637693151,11911,obstacle,[112 person],[-11.5625 122.3125 0.2878]
1625637693152,11911,obstacle,[120 car],[1.3018 131.3750 1.1934]
1625637693556,11961,obstacle,[112 person],[-6.0234 91.0625 1.1367]
1625637693557,11961,obstacle,[120 car],[0.2214 106.9375 1.3965]
1625637694031,12011,obstacle,[112 person],[-14.7656 137.5000 -0.3169]
1625637694031,12011,obstacle,[120 car],[1.3721 131.2500 1.1387]
1625637694468,12061,obstacle,[112 person],[-11.1875 118.1875 0.1798]
1625637694468,12061,obstacle,[120 car],[0.9531 121.1875 1.3057]
1625637694468,12061,obstacle,[156 car],[15.4453 129.2500 -0.3479]
1625637694926,12111,obstacle,[112 person],[-11.8359 120.6250 0.1125]
1625637694926,12111,obstacle,[120 car],[1.4160 131.0000 1.2148]
1625637694926,12111,obstacle,[156 car],[14.9375 128.2500 -0.2957]
1625637695396,12161,obstacle,[112 person],[-15.5312 138.8750 -0.5391]
1625637695396,12161,obstacle,[120 car],[1.6826 138.2500 1.0791]
1625637695396,12161,obstacle,[156 car],[14.6328 127.8750 -0.2705]
1625637695847,12211,obstacle,[112 person],[-15.6016 138.5000 -0.7251]
1625637695847,12211,obstacle,[120 car],[-0.5444 91.1250 1.5908]
1625637696339,12261,obstacle,[112 person],[-6.1055 90.9375 1.0020]
1625637696339,12261,obstacle,[120 car],[-0.5806 91.0000 1.5967]
1625637696339,12261,obstacle,[164 car],[17.8438 129.2500 -0.1633]
1625637696854,12311,obstacle,[112 person],[-10.9219 116.3750 0.1421]
1625637696854,12311,obstacle,[120 car],[-0.3826 91.1875 1.6016]
1625637696854,12311,obstacle,[164 car],[18.2812 129.0000 0.0091]
1625637697390,12361,obstacle,[112 person],[-5.9648 90.9375 1.0684]
1625637697390,12361,obstacle,[120 car],[1.9014 130.6250 1.1846]
1625637697390,12361,obstacle,[164 car],[18.3281 128.7500 -0.1095]
1625637697975,12411,obstacle,[112 person],[-15.5859 138.2500 -0.6934]
1625637697975,12411,obstacle,[120 car],[0.8115 106.7500 1.4443]
1625637697975,12411,obstacle,[164 car],[18.4219 128.3750 -0.1794]
1625637697975,12411,obstacle,[174 car],[17.1562 128.2500 -0.4080]
1625637698465,12461,obstacle,[112 person],[-6.0273 91.0000 1.0498]
1625637698466,12461,obstacle,[120 car],[2.1348 131.3750 1.1846]
1625637698466,12461,obstacle,[164 car],[19.0938 129.2500 -0.1008]
1625637698466,12461,obstacle,[174 car],[17.0625 127.3750 -0.3794]
1625637698983,12511,obstacle,[112 person],[-17.2344 139.0000 -0.8076]
1625637698984,12511,obstacle,[120 car],[1.7559 130.8750 1.1904]
1625637698984,12511,obstacle,[164 car],[18.7500 128.7500 -0.0859]
1625637698984,12511,obstacle,[174 car],[17.3906 128.6250 -0.4287]
1625637699442,12561,obstacle,[112 person],[-6.3789 90.8750 0.9839]
1625637699442,12561,obstacle,[120 car],[1.5410 131.2500 1.2471]
1625637699442,12561,obstacle,[164 car],[18.7656 127.8750 -0.1100]
1625637699993,12611,obstacle,[112 person],[-17.1406 137.2500 -1.2754]
1625637699993,12611,obstacle,[120 car],[2.2441 131.6250 1.1924]
1625637699994,12611,obstacle,[164 car],[20.3281 128.6250 -0.0746]
1625637700491,12661,obstacle,[112 person],[-13.6406 120.8750 -0.5151]
1625637700491,12661,obstacle,[120 car],[2.1445 129.5000 1.0977]
1625637700491,12661,obstacle,[164 car],[20.8281 128.7500 -0.2224]
1625637700918,12711,obstacle,[112 person],[-13.5625 117.8125 -0.3896]
1625637700918,12711,obstacle,[120 car],[1.5547 130.8750 1.0264]
1625637700918,12711,obstacle,[164 car],[20.3594 128.2500 -0.2068]
1625637701354,12761,obstacle,[112 person],[-19.2969 137.5000 -1.1953]
1625637701354,12761,obstacle,[120 car],[1.3418 130.8750 1.0908]
1625637701354,12761,obstacle,[164 car],[20.5781 128.5000 -0.1465]
1625637701823,12811,obstacle,[112 person],[-14.2344 117.3125 -0.2808]
1625637701823,12811,obstacle,[120 car],[1.2588 131.0000 1.1504]
1625637701823,12811,obstacle,[164 car],[22.0000 137.5000 -0.7773]
1625637702249,12861,obstacle,[112 person],[-20.2031 136.7500 -0.9927]
1625637702250,12861,obstacle,[120 car],[1.3721 130.8750 1.2158]
1625637702250,12861,obstacle,[164 car],[18.1094 128.1250 -0.4348]
1625637702685,12911,obstacle,[112 person],[-20.1250 134.8750 -0.9634]
1625637702685,12911,obstacle,[120 car],[1.5088 131.0000 1.2197]
1625637702685,12911,obstacle,[164 car],[22.1406 132.1250 -0.6938]
1625637703133,12961,obstacle,[112 person],[-15.1406 117.3125 -0.3225]
1625637703133,12961,obstacle,[120 car],[1.6006 130.8750 1.2246]
1625637703134,12961,obstacle,[164 car],[21.4531 128.6250 -0.5811]
1625637703614,13011,obstacle,[112 person],[-21.9844 137.2500 -1.6719]
1625637703614,13011,obstacle,[120 car],[1.4219 129.5000 1.2432]
1625637703614,13011,obstacle,[164 car],[22.1094 129.7500 -0.7202]
1625637704072,13061,obstacle,[112 person],[-22.7188 137.7500 -2.0117]
1625637704073,13061,obstacle,[120 car],[1.5605 128.7500 1.2021]
1625637704073,13061,obstacle,[164 car],[21.9375 129.2500 -0.7290]
1625637704522,13111,obstacle,[112 person],[-23.0312 137.0000 -2.0664]
1625637704522,13111,obstacle,[120 car],[0.2159 106.5625 1.4951]
1625637704522,13111,obstacle,[164 car],[21.9375 128.5000 -0.6235]
1625637704977,13161,obstacle,[112 person],[-23.3594 136.7500 -2.1035]
1625637704977,13161,obstacle,[120 car],[1.9697 131.0000 1.2412]
1625637704977,13161,obstacle,[164 car],[23.5312 131.2500 -0.6655]
1625637704978,13161,obstacle,[219 car],[7.7852 132.0000 0.8462]
1625637705454,13211,obstacle,[112 person],[-24.0000 136.1250 -2.3496]
1625637705454,13211,obstacle,[120 car],[0.4172 106.6875 1.4717]
1625637705454,13211,obstacle,[164 car],[23.1562 129.2500 -0.6143]
1625637705454,13211,obstacle,[219 car],[6.8945 127.3125 0.9326]
1625637705902,13261,obstacle,[112 person],[-24.4219 135.2500 -2.4453]
1625637705902,13261,obstacle,[120 car],[1.9766 130.7500 1.1406]
1625637705902,13261,obstacle,[164 car],[24.7812 131.8750 -0.7197]
1625637705902,13261,obstacle,[219 car],[7.2266 128.7500 0.9634]
1625637706353,13311,obstacle,[112 person],[-25.0312 135.1250 -2.5449]
1625637706353,13311,obstacle,[120 car],[2.0742 130.5000 1.2031]
1625637706353,13311,obstacle,[164 car],[24.7500 131.0000 -0.7612]
1625637706353,13311,obstacle,[219 car],[7.6562 130.8750 0.9917]
1625637706816,13361,obstacle,[112 person],[-14.0859 106.6875 -0.5254]
1625637706816,13361,obstacle,[120 car],[2.0820 131.0000 1.1992]
1625637706816,13361,obstacle,[164 car],[23.5312 128.1250 -0.7178]
1625637706816,13361,obstacle,[219 car],[7.5000 129.6250 0.9087]
1625637707279,13411,obstacle,[112 person],[-14.9922 107.8125 -0.6816]
1625637707279,13411,obstacle,[120 car],[1.2881 120.8125 1.2783]
1625637707279,13411,obstacle,[164 car],[24.1562 128.7500 -0.7354]
1625637707279,13411,obstacle,[219 car],[7.3555 129.0000 0.8730]
1625637707788,13461,obstacle,[112 person],[-14.3984 105.6875 -0.6348]
1625637707788,13461,obstacle,[120 car],[2.0625 131.6250 1.1455]
1625637707789,13461,obstacle,[164 car],[24.9219 129.2500 -0.8354]
1625637707789,13461,obstacle,[219 car],[7.9883 131.6250 0.8330]
1625637708278,13511,obstacle,[112 person],[-21.2031 119.0625 -2.1035]
1625637708278,13511,obstacle,[120 car],[2.1387 131.5000 1.0977]
1625637708278,13511,obstacle,[164 car],[25.1250 128.7500 -0.8447]
1625637708278,13511,obstacle,[219 car],[8.0625 131.8750 0.8335]
1625637708790,13561,obstacle,[112 person],[-13.9219 102.5625 -0.7329]
1625637708790,13561,obstacle,[120 car],[2.0723 131.3750 1.1035]
1625637708790,13561,obstacle,[164 car],[25.4219 128.7500 -0.8291]
1625637708790,13561,obstacle,[219 car],[7.5625 131.1250 0.8525]
1625637709268,13611,obstacle,[112 person],[-14.3359 102.5625 -0.9312]
1625637709268,13611,obstacle,[120 car],[0.3479 106.5625 1.4219]
1625637709268,13611,obstacle,[164 car],[25.4219 128.0000 -0.8584]
1625637709268,13611,obstacle,[219 car],[7.8398 131.2500 0.8086]
1625637709818,13661,obstacle,[112 person],[-14.9688 102.4375 -0.9736]
1625637709818,13661,obstacle,[120 car],[0.3083 106.4375 1.4561]
1625637709818,13661,obstacle,[164 car],[26.2344 128.6250 -0.8721]
1625637709818,13661,obstacle,[219 car],[7.9531 131.2500 0.8130]
1625637710360,13711,obstacle,[112 person],[-15.5078 102.2500 -1.2588]
1625637710360,13711,obstacle,[120 car],[0.3340 106.5000 1.4336]
1625637710360,13711,obstacle,[164 car],[25.9688 127.7500 -0.8999]
1625637710360,13711,obstacle,[219 car],[7.2891 128.3750 0.8784]
1625637710889,13761,obstacle,[112 person],[-15.8281 101.4375 -1.2275]
1625637710889,13761,obstacle,[120 car],[2.2539 130.5000 1.0908]
1625637710889,13761,obstacle,[164 car],[26.7500 127.8125 -0.8740]
1625637710889,13761,obstacle,[219 car],[8.0703 131.2500 0.8330]
1625637711408,13811,obstacle,[112 person],[-16.2500 101.1875 -1.3379]
1625637711408,13811,obstacle,[120 car],[2.7344 130.5000 1.1035]
1625637711408,13811,obstacle,[164 car],[26.2656 125.5625 -0.7314]
1625637711408,13811,obstacle,[219 car],[3.6562 106.5000 1.3281]
1625637711907,13861,obstacle,[112 person],[-15.7891 99.8125 -1.1768]
1625637711907,13861,obstacle,[120 car],[3.5684 130.5000 1.1094]
1625637711907,13861,obstacle,[164 car],[27.7500 125.5000 -0.8262]
1625637711907,13861,obstacle,[219 car],[4.2344 106.3750 1.3428]
1625637712407,13911,obstacle,[112 person],[-15.9219 98.9375 -0.9902]
1625637712407,13911,obstacle,[120 car],[4.9062 130.3750 1.1152]
1625637712407,13911,obstacle,[164 car],[29.4375 126.2500 -1.0156]
1625637712407,13911,obstacle,[219 car],[10.3359 127.3750 0.9595]
1625637712876,13961,obstacle,[112 person],[-16.0469 98.8125 -1.3076]
1625637712876,13961,obstacle,[120 car],[6.3125 130.3750 1.1191]
1625637712876,13961,obstacle,[164 car],[29.1406 124.9375 -1.0117]
1625637713328,14011,obstacle,[112 person],[-17.7500 101.3125 -1.7822]
1625637713328,14011,obstacle,[164 car],[29.1719 124.9375 -1.1367]
1625637713797,14061,obstacle,[112 person],[-15.8438 99.3750 -1.4229]
1625637713798,14061,obstacle,[164 car],[29.0156 125.1250 -1.1865]
1625637714257,14111,obstacle,[164 car],[28.3906 124.6875 -1.1357]
1625637714257,14111,obstacle,[281 car],[1.2529 106.6875 1.3877]
1625637714689,14161,obstacle,[164 car],[29.1875 127.0000 -1.4209]
1625637714689,14161,obstacle,[281 car],[1.4922 106.6250 1.3984]
1625637715183,14211,obstacle,[164 car],[27.0781 126.1250 -1.3252]
1625637715183,14211,obstacle,[281 car],[3.8887 130.8750 0.9766]
1625637715632,14261,obstacle,[164 car],[27.5156 126.7500 -1.3506]
1625637716079,14311,obstacle,[164 car],[27.7031 126.1250 -1.3662]
1625637716080,14311,obstacle,[286 car],[1.4629 131.2500 1.0400]
1625637716527,14361,obstacle,[164 car],[27.9062 126.1250 -1.4160]
1625637716527,14361,obstacle,[286 car],[0.3694 120.3125 1.2275]
1625637716975,14411,obstacle,[164 car],[36.1562 136.8750 -2.3086]
1625637716975,14411,obstacle,[286 car],[-0.5200 106.5625 1.4609]
1625637717434,14461,obstacle,[164 car],[36.4375 135.8750 -2.3340]
1625637717869,14511,obstacle,[164 car],[37.5000 135.6250 -2.4844]
1625637717869,14511,obstacle,[291 car],[0.2097 106.6250 1.4023]
1625637718336,14561,obstacle,[164 car],[38.2812 135.6250 -2.6855]
1625637718336,14561,obstacle,[291 car],[2.1172 130.6250 0.9834]
1625637718780,14611,obstacle,[164 car],[34.5000 130.2500 -2.4785]
1625637718780,14611,obstacle,[291 car],[2.3184 130.6250 0.9888]
1625637719227,14661,obstacle,[164 car],[34.0625 129.8750 -2.5566]
1625637719227,14661,obstacle,[291 car],[2.0254 131.0000 0.9863]
1625637719635,14711,obstacle,[164 car],[38.2188 135.2500 -3.2734]
1625637719635,14711,obstacle,[291 car],[2.2832 130.6250 0.9980]
1625637720065,14761,obstacle,[164 car],[37.4688 134.8750 -3.3086]
1625637720065,14761,obstacle,[291 car],[2.1875 128.7500 0.9146]
1625637720476,14811,obstacle,[164 car],[36.8750 135.1250 -3.2168]
1625637720476,14811,obstacle,[291 car],[2.2773 130.5000 0.8398]
1625637720948,14861,obstacle,[164 car],[38.8750 137.8750 -3.8047]
1625637720949,14861,obstacle,[291 car],[2.5312 130.5000 0.7598]
1625637721404,14911,obstacle,[164 car],[36.5938 135.0000 -3.6484]
1625637721404,14911,obstacle,[291 car],[2.6973 131.1250 0.8843]
1625637721404,14911,obstacle,[307 car],[1.4170 131.2500 1.2686]
1625637721841,14961,obstacle,[164 car],[36.1250 134.5000 -3.3320]
1625637721841,14961,obstacle,[291 car],[2.8125 130.5000 0.7783]
1625637721841,14961,obstacle,[307 car],[1.0391 130.6250 1.2803]
1625637722262,15011,obstacle,[164 car],[36.6250 134.8750 -3.4492]
1625637722262,15011,obstacle,[291 car],[2.8242 128.7500 0.8330]
1625637722262,15011,obstacle,[307 car],[0.3293 120.5000 1.5117]
1625637722696,15061,obstacle,[164 car],[36.5312 134.7500 -3.6504]
1625637722696,15061,obstacle,[291 car],[2.9258 130.3750 0.7188]
1625637722696,15061,obstacle,[307 car],[0.0898 120.3750 1.5156]
1625637723110,15111,obstacle,[164 car],[36.8125 134.7500 -4.0547]
1625637723110,15111,obstacle,[291 car],[2.8691 130.3750 0.6895]
1625637723110,15111,obstacle,[307 car],[-0.0971 120.5000 1.5498]
1625637723535,15161,obstacle,[164 car],[38.9062 137.0000 -4.4648]
1625637723536,15161,obstacle,[291 car],[2.7207 128.8750 0.8208]
1625637723964,15211,obstacle,[164 car],[37.5938 135.2500 -4.3516]
1625637723965,15211,obstacle,[291 car],[2.9512 129.6250 0.8105]
1625637724341,15261,obstacle,[291 car],[3.8613 138.1250 0.6025]
1625637724341,15261,obstacle,[319 car],[0.8916 138.1250 1.3076]
1625637724756,15311,obstacle,[291 car],[3.1270 130.5000 0.7310]
1625637724756,15311,obstacle,[319 car],[1.0830 135.0000 1.5664]
1625637724756,15311,obstacle,[322 car],[36.3125 132.7500 -4.5938]
1625637725176,15361,obstacle,[291 car],[2.9648 128.7500 0.8638]
1625637725176,15361,obstacle,[319 car],[1.1475 134.8750 1.6992]
1625637725176,15361,obstacle,[322 car],[38.4688 135.8750 -5.0000]
1625637725624,15411,obstacle,[291 car],[4.2148 137.8750 0.5059]
1625637725624,15411,obstacle,[319 car],[0.9707 134.7500 1.4033]
1625637725624,15411,obstacle,[322 car],[38.1250 136.0000 -4.9570]
1625637726047,15461,obstacle,[291 car],[3.3320 129.8750 0.6284]
1625637726047,15461,obstacle,[319 car],[0.8926 134.8750 1.2812]
1625637726494,15511,obstacle,[291 car],[3.4707 130.3750 0.5508]
1625637726494,15511,obstacle,[319 car],[0.9775 134.8750 1.2861]
1625637726935,15561,obstacle,[291 car],[3.1875 128.2500 0.6694]
1625637726935,15561,obstacle,[319 car],[0.0686 120.3750 1.5020]
1625637727373,15611,obstacle,[291 car],[3.5723 130.6250 0.5298]
1625637727373,15611,obstacle,[319 car],[0.7197 130.1250 1.3555]
1625637727785,15661,obstacle,[291 car],[3.1699 127.7500 0.6055]
1625637727785,15661,obstacle,[319 car],[0.1310 120.5000 1.5088]
1625637728222,15711,obstacle,[291 car],[3.4043 129.1250 0.6064]
1625637728222,15711,obstacle,[319 car],[0.1379 120.6250 1.5381]
1625637728647,15761,obstacle,[291 car],[3.6992 130.3750 0.5376]
1625637728647,15761,obstacle,[319 car],[0.6523 130.1250 1.4404]
1625637729102,15811,obstacle,[291 car],[3.8633 130.5000 0.4761]
1625637729102,15811,obstacle,[319 car],[1.0088 134.7500 1.3545]
1625637729558,15861,obstacle,[291 car],[4.0312 130.5000 0.4548]
1625637729558,15861,obstacle,[319 car],[0.6987 130.1250 1.4131]
1625637730039,15911,obstacle,[291 car],[3.8320 128.5000 0.5107]
1625637730039,15911,obstacle,[319 car],[0.6079 128.5000 1.4346]
1625637730642,15961,obstacle,[291 car],[5.3203 137.8750 0.1129]
1625637730642,15961,obstacle,[319 car],[1.1045 138.0000 1.2842]
1625637731109,16011,obstacle,[291 car],[4.1250 129.3750 0.3665]
1625637731109,16011,obstacle,[319 car],[0.0553 120.1875 1.4678]
1625637731617,16061,obstacle,[291 car],[5.5469 137.6250 -0.0546]
1625637731617,16061,obstacle,[319 car],[0.0320 120.4375 1.4688]
1625637732125,16111,obstacle,[291 car],[5.9961 139.6250 -0.2190]
1625637732125,16111,obstacle,[319 car],[1.3037 139.7500 1.1445]
1625637732613,16161,obstacle,[291 car],[4.0820 128.0000 0.2854]
1625637732613,16161,obstacle,[319 car],[1.3076 139.8750 1.1943]
1625637733099,16211,obstacle,[291 car],[6.2617 139.2500 -0.3315]
1625637733099,16211,obstacle,[319 car],[1.2949 139.3750 1.1641]
1625637733581,16261,obstacle,[291 car],[4.4062 128.8750 0.1824]
1625637733581,16261,obstacle,[319 car],[0.9053 134.5000 1.2461]
1625637734053,16311,obstacle,[291 car],[4.6523 128.8750 0.1078]
1625637734053,16311,obstacle,[319 car],[0.7310 130.6250 1.3477]
1625637734577,16361,obstacle,[291 car],[6.8672 139.2500 -0.4834]
1625637734578,16361,obstacle,[319 car],[-0.0747 120.3125 1.5029]
1625637735099,16411,obstacle,[291 car],[7.0391 138.7500 -0.5527]
1625637735099,16411,obstacle,[319 car],[-0.0897 120.3750 1.5078]
1625637735584,16461,obstacle,[291 car],[4.7305 127.3750 0.0228]
1625637735584,16461,obstacle,[319 car],[0.9321 134.7500 1.3389]
1625637736019,16511,obstacle,[291 car],[5.2617 128.8750 -0.1099]
1625637736020,16511,obstacle,[319 car],[0.9292 134.6250 1.3105]
1625637736465,16561,obstacle,[291 car],[5.4258 128.6250 -0.0956]
1625637736465,16561,obstacle,[319 car],[1.2764 137.8750 1.2695]
1625637736925,16611,obstacle,[291 car],[5.3750 127.3750 -0.1064]
1625637736925,16611,obstacle,[319 car],[1.3115 138.3750 1.2646]
1625637737367,16661,obstacle,[291 car],[5.4844 127.3750 -0.1930]
1625637737368,16661,obstacle,[319 car],[1.1807 138.5000 1.2666]
1625637737835,16711,obstacle,[291 car],[5.7969 127.3125 -0.2157]
1625637737835,16711,obstacle,[319 car],[1.2295 137.6250 1.2871]
1625637738338,16761,obstacle,[291 car],[5.6172 126.1875 -0.1842]
1625637738339,16761,obstacle,[319 car],[1.1963 138.2500 1.3193]
1625637739089,16811,obstacle,[291 car],[5.7734 126.2500 -0.2930]
1625637739090,16811,obstacle,[319 car],[0.9966 138.1250 1.2471]
1625637739799,16861,obstacle,[291 car],[5.7969 125.5625 -0.2727]
1625637739799,16861,obstacle,[319 car],[0.9507 137.3750 1.2666]
1625637740531,16911,obstacle,[291 car],[6.3086 126.2500 -0.5024]
1625637740531,16911,obstacle,[319 car],[1.0850 139.8750 1.2295]
1625637741118,16961,obstacle,[291 car],[6.2344 125.4375 -0.4832]
1625637741118,16961,obstacle,[319 car],[3.4844 174.8750 0.7520]
1625637741743,17011,obstacle,[291 car],[6.4922 124.9375 -0.5049]
1625637741743,17011,obstacle,[319 car],[0.6362 134.3750 1.3604]
1625637742378,17061,obstacle,[291 car],[6.8203 124.8125 -0.6699]
1625637742378,17061,obstacle,[319 car],[0.5703 134.5000 1.3018]
1625637742973,17111,obstacle,[291 car],[7.3047 124.6875 -0.8027]
1625637742973,17111,obstacle,[319 car],[0.6108 134.3750 1.3096]
1625637743581,17161,obstacle,[291 car],[8.0000 124.8750 -0.9238]
1625637743581,17161,obstacle,[319 car],[0.7280 134.3750 1.3486]
1625637744165,17211,obstacle,[291 car],[8.6094 124.7500 -1.0918]
1625637744165,17211,obstacle,[319 car],[1.1279 138.5000 1.2891]
1625637744700,17261,obstacle,[291 car],[8.7500 123.7500 -1.1514]
1625637744700,17261,obstacle,[319 car],[0.7085 134.2500 1.3330]
1625637745228,17311,obstacle,[291 car],[9.3984 123.6250 -1.3350]
1625637745229,17311,obstacle,[319 car],[1.1250 138.1250 1.2754]
1625637745748,17361,obstacle,[291 car],[9.9922 123.6250 -1.5566]
1625637745749,17361,obstacle,[319 car],[1.0469 138.1250 1.2812]
1625637746263,17411,obstacle,[291 car],[11.4297 125.6250 -2.3262]
1625637746263,17411,obstacle,[319 car],[0.8472 134.1250 1.3838]
1625637746774,17461,obstacle,[291 car],[11.4766 125.5000 -2.8613]
1625637746774,17461,obstacle,[319 car],[1.3584 139.5000 1.2715]
1625637747282,17511,obstacle,[291 car],[7.8789 120.0625 -2.0840]
1625637747282,17511,obstacle,[319 car],[1.1221 138.0000 1.2998]
1625637747778,17561,obstacle,[291 car],[7.4414 119.1875 -2.1152]
1625637747778,17561,obstacle,[319 car],[0.8389 134.3750 1.3428]
1625637748279,17611,obstacle,[291 car],[7.7148 119.5000 -2.1523]
1625637748279,17611,obstacle,[319 car],[0.7490 134.1250 1.3486]
1625637748900,17661,obstacle,[291 car],[8.0703 119.8750 -2.2344]
1625637748900,17661,obstacle,[319 car],[0.6538 134.2500 1.3262]
1625637749820,17711,obstacle,[291 car],[10.5859 122.8750 -2.6973]
1625637749820,17711,obstacle,[319 car],[0.5361 134.1250 1.2549]
1625637750494,17761,obstacle,[291 car],[7.8750 119.1250 -1.8730]
1625637750495,17761,obstacle,[319 car],[0.9609 138.2500 1.1777]
1625637751658,17811,obstacle,[291 car],[7.9453 119.1875 -1.9258]
1625637751658,17811,obstacle,[319 car],[4.9219 174.6250 0.3445]
1625637752708,17861,obstacle,[291 car],[8.0859 119.1250 -1.9404]
1625637752709,17861,obstacle,[319 car],[3.0586 153.1250 0.7959]
1625637753789,17911,obstacle,[319 car],[0.9458 134.0000 1.2119]
1625637754306,17961,obstacle,[319 car],[0.9463 134.1250 1.2139]
1625637754825,18011,obstacle,[319 car],[0.7993 134.1250 1.2168]
1625637755333,18061,obstacle,[319 car],[0.7603 134.1250 1.2773]
1625637755878,18111,obstacle,[319 car],[0.7285 134.1250 1.2598]
1625637756417,18161,obstacle,[319 car],[0.6733 134.1250 1.2246]
1625637756967,18211,obstacle,[319 car],[3.0879 153.0000 0.7466]
1625637757506,18261,obstacle,[319 car],[1.2500 138.3750 1.1104]
1625637758063,18311,obstacle,[319 car],[0.6558 134.1250 1.2275]
1625637758602,18361,obstacle,[319 car],[0.6528 134.1250 1.2441]
1625637759155,18411,obstacle,[319 car],[0.6396 134.1250 1.2363]
1625637759686,18461,obstacle,[319 car],[0.6128 134.1250 1.2500]
1625637760245,18511,obstacle,[319 car],[0.6216 134.1250 1.2393]
1625637760781,18561,obstacle,[319 car],[10.4609 206.5000 -0.8701]
1625637761300,18611,obstacle,[319 car],[10.7109 206.2500 -0.8540]
1625637761804,18661,obstacle,[319 car],[11.2891 207.6250 -1.0732]
1625637762322,18711,obstacle,[319 car],[0.6040 134.1250 1.2148]
1625637762841,18761,obstacle,[319 car],[11.7578 205.7500 -1.1045]
1625637763336,18811,obstacle,[319 car],[12.2812 207.0000 -1.1543]
1625637763824,18861,obstacle,[319 car],[3.6309 152.6250 0.6182]
1625637764279,18911,obstacle,[319 car],[3.6504 152.5000 0.5942]
1625637764748,18961,obstacle,[319 car],[3.7090 152.6250 0.5308]
1625637765257,19011,obstacle,[319 car],[12.7891 207.0000 -1.4883]
1625637765772,19061,obstacle,[319 car],[13.1094 206.8750 -1.5596]
1625637766332,19111,obstacle,[319 car],[13.1562 206.8750 -1.6426]
1625637766925,19161,obstacle,[319 car],[13.6562 206.8750 -1.6201]
1625637767475,19211,obstacle,[319 car],[14.1406 205.0000 -1.7012]
1625637768040,19261,obstacle,[319 car],[14.1562 205.0000 -1.8643]
1625637768619,19311,obstacle,[319 car],[8.5469 173.8750 -0.6304]
1625637769272,19361,obstacle,[319 car],[8.8047 173.8750 -0.7173]
1625637769816,19411,obstacle,[319 car],[9.0000 173.8750 -0.7593]
1625637770356,19461,obstacle,[319 car],[16.0000 204.5000 -2.5273]
1625637770896,19511,obstacle,[319 car],[16.4688 204.3750 -2.5859]
1625637771469,19561,obstacle,[319 car],[16.9844 204.8750 -2.7676]
1625637772010,19611,obstacle,[319 car],[17.4844 204.3750 -3.0527]
1625637772550,19661,obstacle,[319 car],[18.3281 205.2500 -3.1660]
1625637773245,19711,obstacle,[319 car],[19.1094 206.0000 -3.4453]
1625637773245,19711,obstacle,[459 car],[8.6016 132.8750 0.5620]
1625637773788,19761,obstacle,[319 car],[19.5781 204.6250 -3.5918]
1625637773788,19761,obstacle,[459 car],[8.9844 133.6250 0.5171]
1625637774362,19811,obstacle,[319 car],[19.9844 204.8750 -3.8359]
1625637774362,19811,obstacle,[459 car],[8.8438 133.8750 0.5244]
1625637774959,19861,obstacle,[319 car],[20.4844 204.2500 -4.1094]
1625637775435,19911,obstacle,[319 car],[21.7031 204.3750 -4.2383]
1625637775877,19961,obstacle,[319 car],[22.8750 205.3750 -4.7070]
1625637776321,20011,obstacle,[319 car],[23.7656 204.0000 -4.8789]
1625637776792,20061,obstacle,[319 car],[25.5156 204.6250 -5.3125]
1625637777252,20111,obstacle,[319 car],[26.7812 205.0000 -5.7305]
1625637777252,20111,obstacle,[468 car],[9.5000 137.0000 0.2595]
1625637777744,20161,obstacle,[319 car],[28.0469 205.0000 -6.1055]
1625637777745,20161,obstacle,[468 car],[8.9062 136.7500 0.3376]
1625637778520,20211,obstacle,[319 car],[29.6719 203.5000 -6.4766]
1625637778520,20211,obstacle,[468 car],[8.7031 136.7500 0.3799]
1625637779322,20261,obstacle,[319 car],[31.2188 203.0000 -6.8984]
1625637779844,20311,obstacle,[319 car],[32.7500 203.1250 -7.4883]
1625637780373,20361,obstacle,[319 car],[34.6250 202.8750 -8.1562]
1625637780919,20411,obstacle,[319 car],[36.3125 202.5000 -8.7344]
1625637781456,20461,obstacle,[319 car],[38.8750 202.3750 -9.3828]
1625637781989,20511,obstacle,[319 car],[32.2812 186.0000 -7.5898]
1625637782503,20561,obstacle,[319 car],[34.6562 185.5000 -8.3281]
1625637783001,20611,obstacle,[319 car],[36.7188 184.2500 -9.2578]
1625637783579,20661,obstacle,[319 car],[38.2188 184.6250 -10.3594]
1625637784115,20711,obstacle,[319 car],[38.7188 184.2500 -12.0547]
1625637784616,20761,obstacle,[319 car],[38.3125 183.0000 -14.0781]
1625637785100,20811,obstacle,[319 car],[1.3975 133.6250 0.2678]
1625637785680,20861,obstacle,[319 car],[1.3486 133.8750 0.2476]
1625637786249,20911,obstacle,[319 car],[1.5811 134.2500 0.2273]
1625637787117,20961,obstacle,[319 car],[42.3125 181.8750 -16.5156]
1625637787603,21011,obstacle,[319 car],[43.3125 181.7500 -16.5938]
1625637788088,21061,obstacle,[319 car],[7.9844 141.6250 -2.0215]
1625637788580,21111,obstacle,[319 car],[47.0000 182.3750 -16.9531]
1625637788971,21161,obstacle,[319 car],[47.4688 181.6250 -17.0781]
1625637808134,23061,obstacle,[488 person],[-3.4648 173.5000 1.7178]
1625637808632,23111,obstacle,[488 person],[-3.4922 173.5000 1.7188]
1625637809198,23161,obstacle,[488 person],[-3.4414 173.7500 1.7461]
1625637809721,23211,obstacle,[488 person],[-6.7422 247.7500 1.3154]
1625637810343,23261,obstacle,[488 person],[-6.6797 244.7500 1.3320]
1625637810866,23311,obstacle,[488 person],[-6.8633 247.6250 1.2188]
1625637811401,23361,obstacle,[488 person],[-7.1719 247.6250 1.1230]
1625637812476,23461,obstacle,[493 person],[-4.3281 192.3750 1.5605]
1625637812936,23511,obstacle,[493 person],[-7.2773 249.2500 1.2129]
1625637813400,23561,obstacle,[493 person],[-7.2227 249.7500 1.2100]
1625637813894,23611,obstacle,[493 person],[-7.0625 249.6250 1.3105]
1625637814387,23661,obstacle,[493 person],[-7.0977 249.5000 1.4141]
1625637814919,23711,obstacle,[493 person],[-6.9844 249.5000 1.3193]
1625637815399,23761,obstacle,[493 person],[-4.2148 192.3750 1.6172]
1625637815886,23811,obstacle,[493 person],[-6.9531 249.0000 1.2363]
1625637816366,23861,obstacle,[493 person],[-6.7969 248.8750 1.2412]
1625637816885,23911,obstacle,[493 person],[-6.8516 249.1250 1.1465]
1625637817422,23961,obstacle,[493 person],[-4.2070 192.3750 1.4678]
1625637817991,24011,obstacle,[493 person],[-4.2266 192.3750 1.5098]
1625637818547,24061,obstacle,[493 person],[-7.5156 249.5000 0.9604]
1625637819080,24111,obstacle,[493 person],[-4.3711 192.2500 1.4756]
1625637819596,24161,obstacle,[493 person],[-7.0781 248.5000 1.1553]
1625637820109,24211,obstacle,[493 person],[-4.3281 192.2500 1.5195]
1625637820617,24261,obstacle,[493 person],[-7.1875 248.3750 1.0674]
1625637821119,24311,obstacle,[493 person],[-7.1953 247.7500 1.0732]
1625637821612,24361,obstacle,[493 person],[-4.2656 192.2500 1.5273]
1625637822075,24411,obstacle,[493 person],[-7.3516 250.0000 1.0635]
1625637822570,24461,obstacle,[493 person],[-4.1992 192.2500 1.4971]
1625637823061,24511,obstacle,[493 person],[-4.3047 192.2500 1.4648]
1625637823497,24561,obstacle,[493 person],[-7.4727 249.2500 0.8965]
1625637823939,24611,obstacle,[493 person],[-7.4219 249.8750 0.8013]
1625637824359,24661,obstacle,[493 person],[-7.2891 247.1250 0.8369]
1625637824816,24711,obstacle,[493 person],[-7.5469 249.5000 0.8149]
1625637825245,24761,obstacle,[493 person],[-7.4414 249.3750 0.7310]
1625637825716,24811,obstacle,[493 person],[-8.0703 249.1250 0.6494]
1625637826198,24861,obstacle,[493 person],[-8.2031 249.5000 0.5576]
1625637826664,24911,obstacle,[493 person],[-8.5234 249.8750 0.6494]
1625637827132,24961,obstacle,[493 person],[-8.5859 249.7500 0.5630]
1625637827584,25011,obstacle,[493 person],[-4.4648 192.0000 1.3711]
1625637828060,25061,obstacle,[493 person],[-8.4844 249.3750 0.6655]
1625637828557,25111,obstacle,[493 person],[-8.3203 249.1250 0.7578]
1625637829075,25161,obstacle,[493 person],[-8.2188 249.0000 0.7642]
1625637829611,25211,obstacle,[493 person],[-8.4297 248.6250 0.6890]
1625637830145,25261,obstacle,[493 person],[-8.2812 248.3750 0.6108]
1625637830635,25311,obstacle,[493 person],[-4.3359 192.0000 1.3730]
1625637831115,25361,obstacle,[493 person],[-4.3359 192.0000 1.4102]
1625637831606,25411,obstacle,[493 person],[-4.3008 192.0000 1.4150]
1625637832081,25461,obstacle,[493 person],[-8.2031 249.5000 0.6211]
1625637832541,25511,obstacle,[493 person],[-8.1797 249.0000 0.8042]
1625637832991,25561,obstacle,[493 person],[-4.1797 192.0000 1.5146]
1625637833459,25611,obstacle,[493 person],[-8.5312 249.1250 0.9785]
1625637833930,25661,obstacle,[493 person],[-4.2188 191.8750 1.5234]
1625637834390,25711,obstacle,[493 person],[-4.1719 191.8750 1.4980]
1625637834819,25761,obstacle,[493 person],[-8.3203 249.3750 0.8149]
1625637835246,25811,obstacle,[493 person],[-8.3438 249.1250 0.8184]
1625637835683,25861,obstacle,[493 person],[-8.0781 249.1250 0.9048]
1625637836113,25911,obstacle,[493 person],[-4.2070 191.8750 1.5156]
1625637836570,25961,obstacle,[493 person],[-8.2188 248.5000 0.9214]
1625637837011,26011,obstacle,[493 person],[-4.1250 191.8750 1.5752]
1625637837509,26061,obstacle,[493 person],[-8.5547 248.7500 1.0898]
1625637837969,26111,obstacle,[493 person],[-4.1719 191.8750 1.6318]
1625637838426,26161,obstacle,[493 person],[-4.1172 191.8750 1.5615]
1625637838905,26211,obstacle,[493 person],[-4.1250 191.7500 1.5430]
1625637839426,26261,obstacle,[493 person],[-4.0820 191.7500 1.5234]
1625637839931,26311,obstacle,[493 person],[-8.5547 249.3750 0.8628]
1625637840412,26361,obstacle,[493 person],[-9.6406 265.0000 0.6816]
1625637840877,26411,obstacle,[493 person],[-8.4375 249.0000 0.8750]
1625637841361,26461,obstacle,[493 person],[-4.0508 191.7500 1.5654]
1625637841860,26511,obstacle,[493 person],[-4.0273 191.7500 1.5898]
1625637842410,26561,obstacle,[493 person],[-3.9727 191.7500 1.6152]
1625637842880,26611,obstacle,[493 person],[-8.8281 249.3750 1.0410]
1625637843343,26661,obstacle,[493 person],[-9.9219 264.7500 0.7964]
1625637843797,26711,obstacle,[493 person],[-8.5391 249.5000 0.9668]
1625637844245,26761,obstacle,[493 person],[-8.5859 248.8750 0.9043]
1625637844717,26811,obstacle,[493 person],[-8.5938 249.2500 0.9033]
1625637845151,26861,obstacle,[493 person],[-8.4453 248.7500 0.8408]
1625637845593,26911,obstacle,[493 person],[-3.8496 191.6250 1.5674]
1625637846076,26961,obstacle,[493 person],[-3.7910 191.6250 1.5723]
1625637846550,27011,obstacle,[493 person],[-9.8594 263.7500 0.5771]
1625637846978,27061,obstacle,[493 person],[-8.7656 249.0000 0.7134]
1625637847425,27111,obstacle,[493 person],[-8.7812 248.8750 0.6450]
1625637847887,27161,obstacle,[493 person],[-3.7734 191.5000 1.5762]
1625637848397,27211,obstacle,[493 person],[-3.5996 191.5000 1.5430]
1625637848900,27261,obstacle,[493 person],[-6.8086 249.6250 0.6714]
1625637848900,27261,obstacle,[566 person],[27.1875 204.5000 1.5693]
1625637849384,27311,obstacle,[493 person],[-2.9707 191.5000 1.5840]
1625637849384,27311,obstacle,[566 person],[27.7031 204.7500 1.4873]
1625637849881,27361,obstacle,[493 person],[-6.5938 264.5000 0.4858]
1625637849881,27361,obstacle,[566 person],[27.8594 205.0000 1.4404]
1625637850344,27411,obstacle,[568 person],[-3.5879 191.3750 1.5986]
1625637850863,27461,obstacle,[568 person],[-10.9219 276.7500 0.1742]
1625637851355,27511,obstacle,[568 person],[-11.2578 277.0000 0.3030]
1625637851814,27561,obstacle,[568 person],[-3.4375 191.3750 1.6582]
1625637852314,27611,obstacle,[568 person],[-9.5469 248.6250 1.0498]
1625637852744,27661,obstacle,[568 person],[-11.3047 264.5000 0.5439]
1625637853235,27711,obstacle,[568 person],[-9.7109 248.7500 0.7173]
1625637853668,27761,obstacle,[568 person],[-9.9531 249.2500 0.7935]
1625637854096,27811,obstacle,[568 person],[-12.9141 276.0000 0.4084]
1625637854521,27861,obstacle,[568 person],[-12.5938 276.2500 0.3184]
1625637854956,27911,obstacle,[568 person],[-12.0469 276.0000 0.5151]
1625637855406,27961,obstacle,[568 person],[-12.1406 275.7500 0.5342]
1625637855818,28011,obstacle,[568 person],[-9.4766 248.3750 0.8452]
1625637856216,28061,obstacle,[568 person],[-12.4297 276.0000 0.3496]
1625637856609,28111,obstacle,[568 person],[-12.5938 276.0000 0.3564]
1625637856610,28111,obstacle,[583 person],[16.4688 273.7500 0.5596]
1625637857003,28161,obstacle,[568 person],[-11.4688 264.5000 0.4541]
1625637857004,28161,obstacle,[583 person],[16.7500 273.7500 0.6484]
1625637857385,28211,obstacle,[568 person],[-12.7188 276.0000 0.2637]
1625637857385,28211,obstacle,[583 person],[16.2188 271.0000 0.6855]
1625637857760,28261,obstacle,[568 person],[-9.6797 249.1250 0.6450]
1625637857760,28261,obstacle,[583 person],[16.6875 273.7500 0.7368]
1625637858151,28311,obstacle,[568 person],[-9.4375 248.8750 0.7109]
1625637858152,28311,obstacle,[583 person],[16.4844 271.0000 0.7773]
1625637858595,28361,obstacle,[568 person],[-9.3672 248.5000 0.6577]
1625637858595,28361,obstacle,[583 person],[16.6719 271.0000 0.8560]
1625637858982,28411,obstacle,[568 person],[-9.5703 248.3750 0.5371]
1625637859424,28461,obstacle,[568 person],[-12.5391 275.2500 0.0961]
1625637859855,28511,obstacle,[568 person],[-12.7734 274.7500 0.1121]
1625637860292,28561,obstacle,[568 person],[-13.0312 276.2500 0.2744]
1625637860737,28611,obstacle,[568 person],[-13.0000 276.2500 0.2771]
1625637861201,28661,obstacle,[568 person],[-12.9297 275.2500 0.3057]
1625637861665,28711,obstacle,[568 person],[-13.2500 275.2500 0.2296]
1625637861665,28711,obstacle,[599 person],[16.6875 271.2500 0.6201]
1625637862152,28761,obstacle,[568 person],[-11.8203 264.5000 0.5049]
1625637862152,28761,obstacle,[599 person],[18.0938 278.0000 0.5391]
1625637862617,28811,obstacle,[568 person],[-12.0391 264.2500 0.3633]
1625637862617,28811,obstacle,[599 person],[17.3594 273.0000 0.5264]
1625637863062,28861,obstacle,[568 person],[-12.0547 264.2500 0.2976]
1625637863062,28861,obstacle,[599 person],[17.2812 273.2500 0.6191]
1625637863511,28911,obstacle,[568 person],[-13.5938 276.0000 0.1587]
1625637863511,28911,obstacle,[599 person],[16.9062 271.2500 0.5742]
1625637863946,28961,obstacle,[568 person],[-12.0547 264.0000 0.4663]
1625637864369,29011,obstacle,[568 person],[-13.4766 276.0000 0.3394]
1625637864808,29061,obstacle,[568 person],[-12.1328 264.2500 0.3955]
1625637865234,29111,obstacle,[568 person],[-12.4219 264.2500 0.3257]
1625637865681,29161,obstacle,[568 person],[-10.1797 248.6250 0.5757]
1625637866110,29211,obstacle,[568 person],[-14.2500 276.2500 -0.1584]
1625637866527,29261,obstacle,[568 person],[-14.3594 276.0000 -0.2329]
1625637866934,29311,obstacle,[568 person],[-12.5391 263.7500 0.0593]
1625637866934,29311,obstacle,[613 person],[10.4219 240.0000 1.0752]
1625637867337,29361,obstacle,[568 person],[-14.2969 275.7500 -0.2986]
1625637867337,29361,obstacle,[613 person],[10.2891 240.0000 1.0762]
1625637867734,29411,obstacle,[568 person],[-14.4844 275.2500 -0.2781]
1625637867734,29411,obstacle,[613 person],[10.0781 240.0000 1.0811]
1625637868164,29461,obstacle,[568 person],[-14.6016 276.2500 -0.2944]
1625637868560,29511,obstacle,[568 person],[-14.6719 276.0000 -0.1920]
1625637868976,29561,obstacle,[568 person],[-5.0781 212.7500 1.3193]
1625637869391,29611,obstacle,[568 person],[-5.0312 212.7500 1.3066]
1625637869895,29661,obstacle,[568 person],[-5.0234 212.7500 1.2949]
1625637870352,29711,obstacle,[568 person],[-15.0391 275.7500 -0.3123]
1625637870784,29761,obstacle,[568 person],[-15.0781 276.0000 -0.3967]
1625637871248,29811,obstacle,[568 person],[-13.1797 263.5000 -0.1226]
1625637871713,29861,obstacle,[568 person],[-14.7266 275.0000 -0.4368]
1625637872171,29911,obstacle,[568 person],[-13.2500 264.0000 0.0180]
1625637872608,29961,obstacle,[568 person],[-4.9180 212.6250 1.3330]
1625637873140,30011,obstacle,[568 person],[-4.7031 212.6250 1.3320]
1625637873683,30061,obstacle,[568 person],[-13.5938 276.2500 -0.4265]
1625637874133,30111,obstacle,[568 person],[-12.9609 276.7500 -0.3765]
1625637874578,30161,obstacle,[568 person],[-12.4531 274.7500 -0.2937]
1625637874994,30211,obstacle,[629 person],[-11.9062 249.5000 0.7280]
1625637875427,30261,obstacle,[629 person],[-11.9766 247.2500 0.2878]
1625637875856,30311,obstacle,[629 person],[-12.6719 248.7500 -0.1025]
1625637876259,30361,obstacle,[629 person],[-12.9766 248.3750 -0.4302]
1625637877023,30461,obstacle,[631 person],[-15.1797 263.2500 0.0434]
1625637877413,30511,obstacle,[631 person],[-14.9688 263.2500 0.8818]
1625637877815,30561,obstacle,[631 person],[-12.3281 248.3750 0.6094]
1625637877815,30561,obstacle,[634 person],[-13.6094 263.2500 0.1804]
1625637878158,30611,obstacle,[631 person],[-4.6172 212.5000 1.4629]
1625637878158,30611,obstacle,[634 person],[-13.4219 262.5000 -0.1107]
1625637878612,30661,obstacle,[631 person],[-14.8906 263.7500 -0.1168]
1625637878612,30661,obstacle,[634 person],[-14.3359 263.7500 0.4565]
1625637879002,30711,obstacle,[631 person],[-11.8594 248.2500 0.3210]
1625637879003,30711,obstacle,[634 person],[-14.6641 263.7500 0.7920]
1625637879414,30761,obstacle,[631 person],[-12.2656 248.5000 0.3335]
1625637879414,30761,obstacle,[634 person],[-12.0469 248.3750 1.2441]
1625637879802,30811,obstacle,[631 person],[-12.7031 247.0000 0.2537]
1625637879802,30811,obstacle,[634 person],[-12.3281 248.8750 0.6245]
1625637880181,30861,obstacle,[631 person],[-13.3516 248.7500 0.1085]
1625637880181,30861,obstacle,[634 person],[-12.7578 248.8750 0.2981]
1625637880576,30911,obstacle,[631 person],[-12.9375 246.3750 0.3445]
1625637880576,30911,obstacle,[634 person],[-23.3438 292.2500 -0.6924]
1625637880576,30911,obstacle,[644 person],[-15.3750 263.7500 0.1514]
1625637880577,30911,obstacle,[647 person],[-8.0547 297.5000 0.8555]
1625637881020,30961,obstacle,[631 person],[-13.4922 247.2500 0.2375]
1625637881020,30961,obstacle,[634 person],[-13.2578 247.3750 0.5093]
1625637881020,30961,obstacle,[644 person],[-12.2266 249.2500 0.5005]
1625637881020,30961,obstacle,[647 person],[-8.0547 298.0000 0.9507]
1625637881469,31011,obstacle,[631 person],[-13.6797 247.0000 0.2108]
1625637881470,31011,obstacle,[634 person],[-13.3594 247.3750 0.3777]
1625637881470,31011,obstacle,[644 person],[-11.7969 247.1250 0.5215]
1625637881470,31011,obstacle,[647 person],[-8.0312 297.7500 1.0518]
1625637881919,31061,obstacle,[634 person],[-12.9453 245.3750 0.3264]
1625637881919,31061,obstacle,[644 person],[-12.1484 247.2500 0.6226]
1625637881919,31061,obstacle,[647 person],[-7.7539 296.5000 0.9756]
1625637882350,31111,obstacle,[634 person],[-13.4766 246.8750 0.2413]
1625637882351,31111,obstacle,[644 person],[-12.1484 247.0000 0.5942]
1625637882351,31111,obstacle,[647 person],[-7.7773 296.5000 1.0742]
1625637882778,31161,obstacle,[634 person],[-13.3984 246.5000 0.0452]
1625637882778,31161,obstacle,[644 person],[-20.4531 282.0000 -0.2849]
1625637882778,31161,obstacle,[647 person],[-6.4062 277.2500 1.2334]
1625637883204,31211,obstacle,[634 person],[-13.4219 246.2500 0.0294]
1625637883204,31211,obstacle,[644 person],[-12.2109 246.8750 0.5718]
1625637883205,31211,obstacle,[662 person],[-12.6719 246.2500 0.3289]
1625637883623,31261,obstacle,[634 person],[-13.6875 246.8750 -0.0748]
1625637883623,31261,obstacle,[644 person],[-12.7031 248.6250 0.5757]
1625637883623,31261,obstacle,[662 person],[-12.7344 246.5000 0.3340]
1625637884055,31311,obstacle,[634 person],[-13.8594 247.2500 -0.0785]
1625637884055,31311,obstacle,[644 person],[-12.7500 248.3750 0.4993]
1625637884055,31311,obstacle,[662 person],[-13.0078 247.3750 0.3108]
1625637884484,31361,obstacle,[634 person],[-13.7266 246.7500 -0.1676]
1625637884484,31361,obstacle,[644 person],[-12.2500 245.8750 0.4993]
1625637884917,31411,obstacle,[634 person],[-13.6719 246.5000 -0.2362]
1625637884917,31411,obstacle,[644 person],[-12.8047 248.2500 0.2974]
1625637885339,31461,obstacle,[634 person],[-13.4375 246.3750 -0.0013]
1625637885339,31461,obstacle,[644 person],[-12.7500 248.1250 0.2703]
1625637885738,31511,obstacle,[634 person],[-13.5938 246.7500 0.1243]
1625637885738,31511,obstacle,[644 person],[-20.8906 279.2500 -0.9048]
1625637886107,31561,obstacle,[634 person],[-13.6328 246.6250 0.0559]
1625637886476,31611,obstacle,[634 person],[-13.8125 246.6250 -0.0090]
1625637886868,31661,obstacle,[634 person],[-13.9688 246.2500 -0.0925]
1625637887230,31711,obstacle,[634 person],[-14.1172 246.0000 -0.1895]
1625637887607,31761,obstacle,[634 person],[-14.2344 246.1250 -0.2532]
1625637887982,31811,obstacle,[634 person],[-20.6719 264.7500 -1.4570]
1625637888358,31861,obstacle,[634 person],[-14.8750 247.0000 -0.4253]
1625637888358,31861,obstacle,[680 person],[-7.7852 297.2500 0.9282]
1625637888739,31911,obstacle,[634 person],[-21.2500 265.0000 -1.5400]
1625637888739,31911,obstacle,[680 person],[-6.4258 275.0000 1.2207]
1625637889120,31961,obstacle,[634 person],[-15.1797 246.5000 -0.5107]
1625637889120,31961,obstacle,[680 person],[-7.9258 297.0000 0.8511]
1625637889532,32011,obstacle,[634 person],[-21.4688 262.7500 -1.5312]
1625637889532,32011,obstacle,[680 person],[-7.9727 297.0000 0.9429]
1625637889952,32061,obstacle,[634 person],[-19.8594 257.2500 -1.1768]
1625637889952,32061,obstacle,[680 person],[-8.0703 298.0000 0.7603]
1625637890409,32111,obstacle,[634 person],[-20.4062 257.2500 -1.3066]
1625637890409,32111,obstacle,[680 person],[-8.1641 297.7500 0.6826]
1625637890883,32161,obstacle,[634 person],[-15.6641 244.6250 -0.5630]
1625637890883,32161,obstacle,[680 person],[-8.0234 297.5000 0.7749]
1625637891330,32211,obstacle,[634 person],[-15.8750 244.5000 -0.6040]
1625637891330,32211,obstacle,[680 person],[-8.1172 297.5000 0.7778]
1625637891788,32261,obstacle,[634 person],[-15.4766 243.2500 -0.6289]
1625637891788,32261,obstacle,[680 person],[-7.7930 297.2500 0.7827]
1625637892227,32311,obstacle,[634 person],[-12.3828 235.3750 -0.0922]
1625637892227,32311,obstacle,[680 person],[-7.8281 298.2500 0.6899]
1625637892668,32361,obstacle,[634 person],[-12.5234 235.0000 -0.1570]
1625637892668,32361,obstacle,[680 person],[-6.5547 276.7500 0.8433]
1625637893131,32411,obstacle,[634 person],[-12.5078 235.2500 -0.2664]
1625637893131,32411,obstacle,[680 person],[-7.1719 298.2500 0.5049]
1625637893588,32461,obstacle,[634 person],[-12.7109 235.2500 -0.2871]
1625637893588,32461,obstacle,[680 person],[-6.5859 298.2500 0.5186]
1625637894060,32511,obstacle,[634 person],[-12.5625 234.0000 -0.1782]
1625637894455,32561,obstacle,[634 person],[-12.3750 233.3750 0.0077]
1625637894908,32611,obstacle,[634 person],[-11.7734 232.2500 0.1014]
1625637895322,32661,obstacle,[634 person],[-11.6406 231.8750 0.1248]
1625637895904,32711,obstacle,[634 person],[-11.7344 231.6250 0.0112]
1625637896536,32761,obstacle,[634 person],[-12.2500 231.6250 -0.1049]
1625637897001,32811,obstacle,[634 person],[-12.5312 231.2500 -0.1689]
1625637897426,32861,obstacle,[634 person],[-12.9219 231.8750 -0.2996]
1625637897859,32911,obstacle,[634 person],[-12.8984 232.1250 -0.3279]
1625637898232,32961,obstacle,[634 person],[-12.5156 231.7500 -0.2690]
1625637901934,33461,obstacle,[710 person],[-12.3203 297.0000 0.7139]
1625637902285,33511,obstacle,[710 person],[-13.3594 296.5000 0.7310]
1625637902634,33561,obstacle,[710 person],[-14.4453 297.0000 0.7217]
1625637902634,33561,obstacle,[711 person],[-12.2656 297.0000 0.7930]
1625637902976,33611,obstacle,[711 person],[-13.0781 296.0000 0.8037]
1625637903350,33661,obstacle,[711 person],[-14.1094 296.7500 0.7900]
1625637903735,33711,obstacle,[712 person],[-12.2812 296.7500 0.4790]
1625637904118,33761,obstacle,[712 person],[-11.9531 297.2500 0.3154]
1625637904514,33811,obstacle,[712 person],[-11.6484 296.2500 0.6289]
1625637904882,33861,obstacle,[712 person],[-11.6641 296.2500 0.4778]
1625637905266,33911,obstacle,[712 person],[-11.6328 296.7500 0.3193]
1625637905680,33961,obstacle,[712 person],[-11.3125 296.5000 0.2500]
1625637906092,34011,obstacle,[712 person],[-11.6172 297.0000 0.5396]
1625637906501,34061,obstacle,[712 person],[-11.8438 297.2500 0.4666]
1625637906899,34111,obstacle,[712 person],[-4.5781 248.5000 1.3682]
1625637907307,34161,obstacle,[712 person],[-4.4844 248.5000 1.3750]
1625637907735,34211,obstacle,[712 person],[-11.8516 297.0000 0.1273]
1625637908123,34261,obstacle,[712 person],[-11.5703 296.2500 0.0798]
1625637908536,34311,obstacle,[712 person],[-11.3516 296.2500 0.0153]
1625637909325,34411,obstacle,[720 person],[-12.1562 296.2500 -0.0337]
1625637909744,34461,obstacle,[720 person],[-12.2188 296.7500 0.1746]
1625637910122,34511,obstacle,[720 person],[-12.3984 297.0000 -0.1042]
1625637910517,34561,obstacle,[720 person],[-12.4688 297.0000 0.0445]
1625637910896,34611,obstacle,[720 person],[-12.4141 296.7500 0.1345]
1625637911295,34661,obstacle,[720 person],[-4.6250 248.3750 1.2959]
1625637912084,34761,obstacle,[724 person],[-12.7266 296.2500 0.0326]
1625637912496,34811,obstacle,[724 person],[-12.5469 296.2500 -0.0238]
1625637912881,34861,obstacle,[724 person],[-12.5781 296.0000 0.1255]
1625637913264,34911,obstacle,[724 person],[-12.6328 296.2500 0.1282]
1625637913634,34961,obstacle,[724 person],[-12.6406 296.7500 0.1207]
1625637924607,36361,obstacle,[727 car],[7.7891 302.0000 0.8145]
1625637924607,36361,obstacle,[728 person],[-12.9062 272.5000 -0.2367]
1625637925029,36411,obstacle,[727 car],[1.7227 262.5000 1.4814]
1625637925029,36411,obstacle,[728 person],[-11.7656 267.0000 0.0272]
1625637925466,36461,obstacle,[727 car],[8.1719 305.2500 0.7651]
1625637925466,36461,obstacle,[728 person],[-15.0781 274.0000 -0.5239]
1625637925899,36511,obstacle,[727 car],[1.7207 262.2500 1.4521]
1625637925899,36511,obstacle,[728 person],[-10.0469 260.5000 0.3682]
1625637926421,36561,obstacle,[727 car],[6.8945 296.7500 0.8540]
1625637926860,36611,obstacle,[727 car],[8.2422 305.2500 0.6553]
1625637927311,36661,obstacle,[727 car],[1.6191 262.5000 1.4492]
1625637927312,36661,obstacle,[735 person],[-10.2031 260.2500 0.4104]
1625637927788,36711,obstacle,[727 car],[8.6875 306.2500 0.6587]
1625637927788,36711,obstacle,[735 person],[-10.6953 260.0000 0.1119]
1625637928285,36761,obstacle,[727 car],[7.9258 298.0000 0.8296]
1625637928285,36761,obstacle,[735 person],[-4.6992 247.8750 1.2979]
1625637928751,36811,obstacle,[727 car],[7.5117 297.5000 0.8291]
1625637928752,36811,obstacle,[735 person],[-10.6328 259.0000 0.0182]
1625637929674,36861,obstacle,[727 car],[7.7148 300.0000 0.7700]
1625637929674,36861,obstacle,[735 person],[-4.6992 247.7500 1.2441]
1625637930115,36911,obstacle,[727 car],[8.1328 304.7500 0.7300]
1625637930115,36911,obstacle,[735 person],[-10.5234 257.5000 0.0275]
1625637931212,36961,obstacle,[727 car],[8.3047 306.0000 0.6582]
1625637931213,36961,obstacle,[735 person],[-11.0000 257.7500 -0.0959]
1625637931842,37011,obstacle,[727 car],[9.4219 307.5000 0.5903]
1625637931842,37011,obstacle,[735 person],[-11.3984 257.2500 -0.0325]
1625637932297,37061,obstacle,[727 car],[9.0078 299.2500 0.7197]
1625637932297,37061,obstacle,[735 person],[-4.5703 247.7500 1.2773]
1625637933552,37111,obstacle,[727 car],[12.3828 307.2500 0.5952]
1625637933552,37111,obstacle,[735 person],[-12.0391 258.0000 -0.1421]
1625637934025,37161,obstacle,[727 car],[13.0938 301.5000 0.7471]
1625637934025,37161,obstacle,[735 person],[-12.0078 257.7500 -0.2159]
1625637934488,37211,obstacle,[735 person],[-11.3516 257.2500 -0.4294]
1625637934925,37261,obstacle,[735 person],[-11.2344 257.7500 -0.4893]
1625637935387,37311,obstacle,[735 person],[-10.9062 257.7500 -0.5049]
1625637936592,37461,obstacle,[753 car],[7.9805 304.5000 0.7529]
1625637936954,37511,obstacle,[753 car],[8.3125 308.5000 0.8096]
1625637937320,37561,obstacle,[753 car],[6.6797 303.5000 0.7695]
1625637937698,37611,obstacle,[753 car],[7.2969 307.2500 0.6460]
1625637938052,37661,obstacle,[753 car],[6.9609 308.0000 0.5669]
1625637938409,37711,obstacle,[753 car],[7.8203 308.0000 0.6328]
1625637938760,37761,obstacle,[753 car],[7.2773 304.5000 0.8110]
1625637939110,37811,obstacle,[753 car],[7.5117 304.2500 0.8262]
1625637939495,37861,obstacle,[753 car],[8.0625 308.5000 0.6909]
1625637939864,37911,obstacle,[753 car],[7.6406 304.2500 0.7935]
1625637940211,37961,obstacle,[753 car],[7.7617 304.0000 0.8169]
1625637940571,38011,obstacle,[753 car],[8.4844 307.0000 0.7300]
1625637940932,38061,obstacle,[753 car],[8.5000 306.2500 0.7051]
1625637941308,38111,obstacle,[753 car],[8.5547 305.0000 0.7412]
1625637941701,38161,obstacle,[753 car],[8.6719 307.5000 0.7061]
1625637942067,38211,obstacle,[753 car],[8.1016 302.7500 0.8081]
1625637942422,38261,obstacle,[753 car],[9.3203 308.0000 0.7168]
1625637948680,39061,obstacle,[765 car],[13.1875 304.5000 0.3879]
1625637949068,39111,obstacle,[765 car],[13.0781 304.5000 0.3921]
1625637949453,39161,obstacle,[765 car],[13.1562 305.2500 0.3804]
1625637989489,43911,obstacle,[841 person],[13.8594 330.7500 0.5825]
1625637989897,43961,obstacle,[841 person],[13.7422 330.7500 0.5903]
1625637990312,44011,obstacle,[841 person],[13.8125 331.5000 0.5845]
1625637991154,44111,obstacle,[847 car],[-12.7109 304.2500 1.7178]
1625637991590,44161,obstacle,[847 car],[-12.1875 304.0000 1.7236]
1625637992343,44211,obstacle,[847 car],[-9.1875 301.0000 1.7607]
1625637992343,44211,obstacle,[848 person],[21.6562 321.0000 0.3342]
1625637992939,44261,obstacle,[848 person],[20.8594 320.5000 0.3669]
1625637993377,44311,obstacle,[848 person],[4.3828 301.0000 1.4307]
1625637995616,44561,obstacle,[849 bicycle],[21.2812 320.5000 0.6113]
1625637996023,44611,obstacle,[849 bicycle],[20.5000 320.0000 0.6499]
1625637996409,44661,obstacle,[849 bicycle],[20.4844 320.2500 0.6523]
1625637996409,44661,obstacle,[850 person],[27.9844 349.2500 0.9722]
1625637996789,44711,obstacle,[850 person],[28.6250 348.7500 1.1465]
1625637997184,44761,obstacle,[850 person],[28.4531 348.7500 1.0908]
1625637997602,44811,obstacle,[850 person],[28.3750 348.7500 1.1377]
1625637998020,44861,obstacle,[850 person],[29.1406 349.0000 0.9019]
1625637998449,44911,obstacle,[850 person],[29.2656 349.0000 0.8398]
1625637998879,44961,obstacle,[850 person],[29.1562 348.5000 1.0039]
1625637999271,45011,obstacle,[850 person],[29.0781 348.2500 0.9199]
1625637999720,45061,obstacle,[850 person],[30.4844 350.7500 0.9819]
1625638000148,45111,obstacle,[850 person],[29.3750 348.7500 1.0098]
1625638000626,45161,obstacle,[850 person],[29.9688 349.0000 0.9800]
1625638001110,45211,obstacle,[850 person],[29.6562 348.2500 1.0000]
1625638001110,45211,obstacle,[859 person],[28.0938 347.7500 -0.5635]
1625638001567,45261,obstacle,[850 person],[29.9375 348.0000 0.7803]
1625638001567,45261,obstacle,[859 person],[18.2812 331.7500 0.3518]
1625638002032,45311,obstacle,[850 person],[30.4062 348.5000 0.6987]
1625638002032,45311,obstacle,[859 person],[28.9531 348.2500 -0.3367]
1625638002523,45361,obstacle,[850 person],[30.5938 348.5000 0.6553]
1625638002523,45361,obstacle,[859 person],[30.1094 348.2500 -0.2332]
1625638002523,45361,obstacle,[862 car],[38.0312 343.5000 -1.1807]
1625638002997,45411,obstacle,[859 person],[30.7188 348.5000 -0.1350]
1625638002997,45411,obstacle,[862 car],[38.4375 344.0000 -1.3496]
1625638003454,45461,obstacle,[859 person],[31.3125 348.7500 -0.0767]
1625638003454,45461,obstacle,[862 car],[38.7188 344.0000 -1.4561]
1625638003921,45511,obstacle,[862 car],[37.8750 343.0000 -1.4453]
1625638004342,45561,obstacle,[862 car],[38.7500 343.5000 -1.5723]
1625638005203,45661,obstacle,[866 person],[31.7656 348.0000 -0.3313]
1625638005610,45711,obstacle,[866 person],[31.7031 348.0000 -0.3101]
1625638006003,45761,obstacle,[866 person],[31.0000 347.5000 -0.2756]
1625638010224,46311,obstacle,[867 car],[36.5938 346.2500 -1.6006]
1625638010700,46361,obstacle,[867 car],[36.3438 346.0000 -1.5684]
1625638010700,46361,obstacle,[868 person],[34.4375 348.0000 0.8120]
1625638011176,46411,obstacle,[867 car],[36.1562 346.0000 -1.5303]
1625638011176,46411,obstacle,[868 person],[35.3125 348.2500 0.7412]
1625638011620,46461,obstacle,[868 person],[33.6875 346.0000 0.7622]
1625638012103,46511,obstacle,[868 person],[35.8750 348.2500 0.6318]
1625638013393,46661,obstacle,[870 person],[37.0000 348.5000 0.9648]
1625638013822,46711,obstacle,[870 person],[34.8125 346.2500 0.7871]
1625638014261,46761,obstacle,[870 person],[35.3125 346.7500 0.6006]
1625638014647,46811,obstacle,[870 person],[35.4375 346.7500 0.4714]
1625638015072,46861,obstacle,[870 person],[35.5625 346.5000 0.9868]
1625638015452,46911,obstacle,[870 person],[36.8750 347.5000 0.9697]
1625638015785,46961,obstacle,[870 person],[36.7188 347.0000 0.9849]
1625638031055,49161,obstacle,[873 person],[37.3438 336.5000 1.0850]
1625638031381,49211,obstacle,[873 person],[36.0000 336.5000 0.8911]
1625638031723,49261,obstacle,[873 person],[18.3594 331.7500 1.3984]
1625638032103,49311,obstacle,[873 person],[18.2812 331.7500 1.4141]
1625638032484,49361,obstacle,[873 person],[37.6562 335.7500 0.9375]
1625638032838,49411,obstacle,[873 person],[18.1094 331.5000 1.4307]
1625638033211,49461,obstacle,[873 person],[37.5625 336.2500 0.9282]
1625638033563,49511,obstacle,[873 person],[17.7344 332.0000 1.4521]
1625638033953,49561,obstacle,[873 person],[41.1250 336.7500 0.8848]
1625638034305,49611,obstacle,[873 person],[17.6250 331.7500 1.4707]
1625638034703,49661,obstacle,[873 person],[35.9062 335.7500 1.0752]
1625638035089,49711,obstacle,[873 person],[17.4844 332.0000 1.5693]
1625638035512,49761,obstacle,[873 person],[69.0625 341.7500 0.4729]
1625638035512,49761,obstacle,[885 car],[70.3750 321.2500 1.4053]
1625638035895,49811,obstacle,[873 person],[38.5625 336.0000 1.0957]
1625638035895,49811,obstacle,[885 car],[67.9375 320.0000 1.3447]
1625638036285,49861,obstacle,[873 person],[17.2969 332.0000 1.5781]
1625638036285,49861,obstacle,[885 car],[59.6562 320.2500 1.4033]
1625638036285,49861,obstacle,[888 bicycle],[65.3125 326.0000 1.8770]
1625638036732,49911,obstacle,[873 person],[17.2500 332.0000 1.5898]
1625638036733,49911,obstacle,[888 bicycle],[66.0625 324.2500 1.9336]
1625638036733,49911,obstacle,[890 bicycle],[65.2500 325.7500 1.9229]
1625638037164,49961,obstacle,[873 person],[17.2656 331.7500 1.5684]
1625638037164,49961,obstacle,[888 bicycle],[34.0000 326.5000 1.8955]
1625638037164,49961,obstacle,[890 bicycle],[33.6250 327.2500 1.8896]
1625638037578,50011,obstacle,[873 person],[17.2188 331.7500 1.5811]
1625638037578,50011,obstacle,[890 bicycle],[34.1562 326.2500 1.8877]
1625638038012,50061,obstacle,[873 person],[17.1562 331.7500 1.5840]
1625638038012,50061,obstacle,[890 bicycle],[69.4375 318.5000 1.2402]
1625638038445,50111,obstacle,[890 bicycle],[61.1562 318.2500 1.0938]
1625638038847,50161,obstacle,[890 bicycle],[61.6250 316.7500 0.8252]
1625638038847,50161,obstacle,[893 person],[17.0156 331.7500 1.5674]
1625638039265,50211,obstacle,[893 person],[16.9375 332.0000 1.5957]
1625638039776,50261,obstacle,[893 person],[16.9219 332.0000 1.6211]
1625638040252,50311,obstacle,[893 person],[16.9531 331.7500 1.6289]
1625638040748,50361,obstacle,[893 person],[16.9219 331.5000 1.6465]
1625638041239,50411,obstacle,[893 person],[71.0000 338.5000 0.4417]
1625638041239,50411,obstacle,[902 person],[16.8594 331.5000 1.6484]
1625638041754,50461,obstacle,[902 person],[71.0625 337.2500 0.3447]
1625638041754,50461,obstacle,[904 person],[16.8281 331.5000 1.6641]
1625638042297,50511,obstacle,[902 person],[70.2500 335.5000 0.3965]
1625638042297,50511,obstacle,[904 person],[69.9375 338.2500 0.4441]
1625638042297,50511,obstacle,[905 person],[69.6250 340.7500 0.3154]
1625638042856,50561,obstacle,[904 person],[38.8750 333.7500 1.1807]
1625638042856,50561,obstacle,[905 person],[33.5625 334.0000 1.2520]
1625638042856,50561,obstacle,[908 person],[33.4375 335.0000 1.1582]
1625638043431,50611,obstacle,[905 person],[70.4375 339.5000 0.3503]
1625638043431,50611,obstacle,[908 person],[35.6562 336.0000 1.0059]
1625638044065,50661,obstacle,[908 person],[38.2812 337.0000 0.7983]
1625638044065,50661,obstacle,[913 person],[65.1875 321.0000 1.1787]
1625638044703,50711,obstacle,[908 person],[33.2812 336.2500 0.9995]
1625638044704,50711,obstacle,[913 person],[67.4375 321.5000 1.1689]
1625638045358,50761,obstacle,[908 person],[33.3750 336.5000 1.0020]
1625638045358,50761,obstacle,[913 person],[70.0625 323.0000 1.0996]
1625638046015,50811,obstacle,[908 person],[33.4688 337.7500 0.9429]
1625638046015,50811,obstacle,[913 person],[34.5000 328.7500 1.5244]
1625638046015,50811,obstacle,[920 person],[33.6562 337.0000 1.0703]
1625638046665,50861,obstacle,[908 person],[32.6250 338.2500 0.9302]
1625638046665,50861,obstacle,[920 person],[34.0312 338.0000 1.0557]
1625638046665,50861,obstacle,[921 person],[69.1875 346.2500 -0.0543]
1625638047281,50911,obstacle,[920 person],[27.6562 336.2500 1.2773]
1625638047282,50911,obstacle,[921 person],[34.5625 337.5000 1.0850]
1625638047282,50911,obstacle,[923 person],[38.2188 337.5000 0.9438]
1625638047282,50911,obstacle,[925 car],[49.8750 320.2500 1.1357]
1625638048096,50961,obstacle,[921 person],[32.6562 337.0000 1.1533]
1625638048097,50961,obstacle,[923 person],[70.1875 342.5000 -0.0444]
1625638048097,50961,obstacle,[925 car],[54.1875 319.2500 1.1572]
1625638048882,51011,obstacle,[923 person],[34.7500 335.0000 0.9956]
1625638048882,51011,obstacle,[925 car],[55.4688 318.5000 1.1797]
1625638049397,51061,obstacle,[923 person],[38.5625 335.5000 0.8115]
1625638049397,51061,obstacle,[934 bicycle],[69.6250 326.5000 1.5469]
1625638049398,51061,obstacle,[933 person],[66.7500 319.2500 0.9810]
1625638050002,51111,obstacle,[923 person],[70.1250 341.2500 -0.6680]
1625638050002,51111,obstacle,[934 bicycle],[68.3125 326.0000 1.4873]
1625638050002,51111,obstacle,[933 person],[62.6250 319.5000 0.9795]
1625638050539,51161,obstacle,[923 person],[70.0625 341.7500 -0.5225]
1625638050539,51161,obstacle,[934 bicycle],[66.0000 325.5000 1.4707]
1625638050539,51161,obstacle,[933 person],[61.5938 319.0000 0.9658]
1625638050539,51161,obstacle,[939 bicycle],[65.6875 327.2500 1.6592]
1625638051089,51211,obstacle,[923 person],[41.1562 336.5000 0.7715]
1625638051089,51211,obstacle,[939 bicycle],[70.7500 326.2500 1.6553]
1625638051682,51261,obstacle,[923 person],[29.6406 334.2500 1.2256]
1625638051682,51261,obstacle,[939 bicycle],[71.3125 325.2500 1.6777]
1625638052473,51311,obstacle,[923 person],[70.0000 342.2500 -0.3181]
1625638053025,51361,obstacle,[923 person],[41.1562 336.5000 0.8145]
1625638053599,51411,obstacle,[923 person],[37.0938 335.7500 0.9199]
1625638053599,51411,obstacle,[949 person],[67.3125 319.7500 1.2461]
1625638054179,51461,obstacle,[923 person],[38.4062 336.0000 0.8877]
1625638054179,51461,obstacle,[949 person],[64.0000 319.7500 1.3096]
1625638054179,51461,obstacle,[953 bicycle],[71.1250 327.0000 1.6348]
1625638054739,51511,obstacle,[923 person],[35.5938 335.5000 0.9941]
1625638054740,51511,obstacle,[949 person],[61.6562 319.7500 1.3506]
1625638054740,51511,obstacle,[953 bicycle],[67.1875 326.7500 1.6680]
1625638054740,51511,obstacle,[955 person],[67.8125 319.7500 1.3330]
1625638055394,51561,obstacle,[923 person],[38.3750 336.0000 0.9165]
1625638055394,51561,obstacle,[953 bicycle],[68.4375 325.5000 1.6865]
1625638055394,51561,obstacle,[955 person],[62.4688 320.0000 1.4102]
1625638055963,51611,obstacle,[923 person],[69.8750 342.5000 -0.2810]
1625638055964,51611,obstacle,[955 person],[62.6875 319.2500 1.4023]
1625638056498,51661,obstacle,[923 person],[69.8125 343.0000 -0.4768]
1625638057087,51711,obstacle,[923 person],[35.4688 335.5000 0.9082]
1625638057660,51761,obstacle,[923 person],[35.4375 335.5000 0.8228]
1625638058667,51811,obstacle,[923 person],[37.4375 336.0000 0.7324]
1625638059789,51861,obstacle,[923 person],[37.4375 335.7500 0.8032]
1625638060439,51911,obstacle,[923 person],[69.6875 343.2500 -0.8442]
1625638061000,51961,obstacle,[923 person],[69.6250 343.5000 -0.8662]
1625638063320,52161,obstacle,[977 person],[67.0000 320.7500 1.2275]
1625638063864,52211,obstacle,[977 person],[63.3750 321.5000 1.3223]
1625638064540,52261,obstacle,[977 person],[67.0625 321.0000 1.3779]
1625638065140,52311,obstacle,[977 person],[66.7500 321.0000 1.3877]
1625638065725,52361,obstacle,[977 person],[67.0000 320.7500 1.3418]
1625638066339,52411,obstacle,[977 person],[67.0625 321.0000 1.3887]
1625638066339,52411,obstacle,[989 car],[120.2500 324.0000 1.1641]
1625638066948,52461,obstacle,[977 person],[66.8125 321.0000 1.3506]
1625638066948,52461,obstacle,[989 car],[120.3125 324.0000 1.1680]
1625638066948,52461,obstacle,[991 person],[38.0000 336.5000 0.6943]
1625638067625,52511,obstacle,[977 person],[63.5625 321.5000 1.3896]
1625638067626,52511,obstacle,[989 car],[120.3125 323.7500 1.1729]
1625638067626,52511,obstacle,[991 person],[34.9062 335.5000 1.1143]
1625638068443,52561,obstacle,[977 person],[63.4688 321.5000 1.3506]
1625638068443,52561,obstacle,[991 person],[35.2188 335.7500 0.8569]
1625638069442,52611,obstacle,[977 person],[63.0312 321.5000 1.2637]
1625638069442,52611,obstacle,[991 person],[35.0625 335.7500 0.8550]
1625638070459,52661,obstacle,[977 person],[69.1875 320.2500 1.2061]
1625638070460,52661,obstacle,[991 person],[35.0000 335.7500 0.8896]
1625638071605,52711,obstacle,[977 person],[64.1875 321.2500 1.2461]
1625638071605,52711,obstacle,[991 person],[36.1562 336.0000 0.8413]
1625638072931,52761,obstacle,[977 person],[64.1250 321.0000 1.2832]
1625638072931,52761,obstacle,[991 person],[36.6562 336.0000 0.7378]
1625638073656,52811,obstacle,[977 person],[63.9688 320.2500 1.2930]
1625638073656,52811,obstacle,[991 person],[57.4062 343.2500 -0.6499]
1625638074267,52861,obstacle,[977 person],[62.3750 320.2500 1.3018]
1625638074267,52861,obstacle,[991 person],[37.8750 336.5000 0.7368]
